listing_id,total_reviews,avg_rating
3,546,4.86
4,67,4.88
5,102,4.66
14,16,4.87
16,167,4.86
17,165,4.52
24,265,4.88
26,191,4.31
29,162,4.74
31,116,4.59
38,199,4.85
39,114,4.91
45,156,4.8
46,284,4.8
47,620,4.88
50,466,4.93
51,1050,4.88
53,278,4.86
56,377,4.75
57,201,4.81
60,568,4.8
61,56,4.66
62,784,4.88
65,309,4.6
71,562,4.74
87,4,3.25
89,530,4.95
90,469,4.57
93,14,4.86
94,104,4.85
97,606,4.74
99,268,4.85
100,150,4.94
102,527,4.93
104,352,4.89
106,22,4.95
107,199,4.95
109,492,4.89
110,137,4.91
111,26,4.76
112,236,4.94
117,35,4.63
118,28,4.96
120,209,4.92
125,12,4.75
127,86,4.89
128,206,4.49
130,396,4.88
134,52,4.9
135,108,4.97
136,554,4.77
138,169,4.86
142,327,4.5
143,331,4.52
146,167,4.85
149,214,
150,20,4.8
151,62,4.69
154,74,4.81
155,148,4.71
157,781,4.93
158,71,4.45
159,27,4.81
160,759,4.88
161,47,4.68
162,340,4.69
163,406,4.96
164,207,
166,9,4.67
170,14,5
171,69,4.83
173,195,4.81
175,492,4.61
177,205,4.91
178,316,4.84
180,348,4.86
185,237,4.9
186,19,4.58
188,37,4.73
191,203,4.94
195,95,4.86
196,27,4.7
200,30,4.67
205,497,4.9
206,468,4.9
207,130,4.38
209,319,4.58
210,25,4.64
212,551,4.85
213,586,4.72
215,247,4.79
216,23,4.83
218,23,4.39
219,193,4.91
221,173,4.55
223,78,4.44
228,1080,4.73
229,460,4.96
233,417,4.85
234,50,4.9
235,284,4.76
237,373,4.87
239,49,4.57
240,380,4.89
241,344,4.69
242,272,4.95
245,211,4.88
246,702,4.93
248,146,4.88
249,429,4.91
252,55,4.95
253,43,4.95
254,141,4.84
255,56,4.86
257,126,4.9
258,188,4.86
259,143,4.68
260,183,4.72
261,125,4.86
262,190,4.84
263,630,4.86
265,343,4.77
266,86,4.71
267,141,4.8
268,401,
269,85,4.91
270,318,4.89
272,297,4.85
273,386,4.95
275,449,4.84
278,108,4.88
279,752,4.89
280,710,4.94
283,373,4.63
285,363,4.86
286,174,4.86
287,44,4.95
289,86,4.33
291,280,4.85
293,57,4.74
297,136,4.94
298,419,4.58
306,311,4.89
310,55,4.91
312,56,4.91
317,169,4.84
318,315,4.82
319,468,4.85
323,4,4.5
329,113,4.8
331,252,4.76
337,408,4.93
339,5,4.2
340,68,4.87
342,122,4.92
345,218,4.8
346,257,4.76
353,27,4.52
355,204,4.84
356,64,4.92
357,89,4.48
359,56,4.54
368,434,4.74
369,54,4.65
370,111,4.82
371,70,4.53
374,171,4.71
375,290,4.93
378,232,4.82
379,247,4.76
380,159,4.84
381,262,4.89
385,116,4.95
387,319,4.82
388,340,4.89
390,1,5
391,134,4.88
392,313,4.95
393,757,4.76
394,223,4.96
395,310,4.91
396,332,4.9
397,100,4.61
399,148,4.86
400,54,4.93
403,241,4.85
408,24,4.96
411,150,4.72
414,566,4.91
418,43,4.37
419,31,4.71
420,373,
421,24,4.96
422,74,4.85
424,38,4.84
426,19,4.79
428,381,4.78
430,77,4.83
431,3,5
432,230,4.79
433,188,4.91
434,22,4.91
438,615,4.96
439,327,
441,129,4.82
442,82,4.82
445,530,4.85
446,69,4.91
449,172,4.9
450,117,4.94
458,187,4.86
459,584,4.81
460,381,4.95
468,122,4.58
469,54,4.96
472,303,4.9
474,145,4.94
481,139,4.89
482,433,4.8
483,362,4.94
486,205,4.93
488,15,4.73
490,445,4.78
491,432,4.79
492,463,4.75
493,19,4.16
496,97,4.93
498,62,4.97
502,1,5
503,372,
504,344,4.93
505,614,4.94
506,88,4.68
507,254,4.81
508,235,4.99
510,407,
511,78,
517,127,4.85
520,105,4.76
527,532,4.88
529,31,4.9
532,235,4.78
533,251,4.96
536,211,4.97
537,29,4.48
539,342,4.85
544,17,4.82
546,24,4.83
547,81,4.89
551,53,4.94
552,78,4.78
555,632,4.94
556,409,4.86
557,4,4.5
558,446,4.9
564,1,5
565,495,4.88
569,358,4.95
571,187,4.8
573,308,4.82
577,205,
580,48,4.92
581,521,4.84
583,73,4.6
587,306,4.86
588,37,4.49
590,565,4.92
594,196,4.85
595,368,4.87
597,651,4.82
599,237,
600,271,
603,46,4.78
608,257,4.96
613,318,4.87
615,1,5
617,296,4.85
620,247,5
622,237,4.92
623,114,
624,270,4.9
628,211,4.94
632,252,4.92
641,35,4.91
642,342,4.72
645,201,4.78
646,86,4.88
647,153,4.89
649,116,4.77
651,46,4.96
653,33,
654,98,4.94
655,17,4.88
657,342,4.87
658,14,4.86
664,642,4.94
665,245,
673,166,4.8
676,20,4.6
677,14,4.64
678,630,4.93
680,710,4.92
682,543,4.74
684,39,4.95
687,399,4.94
689,668,4.95
690,5,5
692,387,4.82
693,209,4.9
694,84,4.94
695,134,4.93
697,261,4.83
698,306,4.89
701,13,4.85
702,530,4.82
704,25,4.8
705,13,4.46
706,81,4.94
707,426,4.89
708,60,5
709,194,4.96
711,183,
712,164,4.79
715,143,4.62
720,209,4.92
721,12,4.17
727,157,4.9
728,15,4.67
729,528,4.99
731,576,4.73
732,27,4.96
737,11,
738,12,4.75
739,381,
740,478,4.85
741,245,4.86
745,716,4.77
747,390,4.88
748,6,5
749,667,4.92
750,249,4.71
753,33,4.7
764,57,4.35
765,196,4.9
767,334,4.94
768,305,
769,178,4.84
773,173,4.53
774,318,
775,94,4.95
781,328,4.77
782,377,4.81
788,106,4.84
789,336,4.87
791,204,4.78
792,86,4.66
794,6,5
796,207,4.87
798,329,4.43
799,199,4.81
800,513,4.77
802,132,4.8
806,62,4.87
807,274,4.93
808,6,5
809,159,4.9
810,279,4.85
812,165,4.67
816,259,4.81
817,473,4.77
819,25,4.84
820,756,4.84
821,26,4.92
822,348,4.95
827,29,4.76
828,141,4.76
830,18,4.61
831,11,4.55
833,259,4.83
834,228,4.65
835,513,4.79
838,190,
840,185,4.81
841,115,4.81
842,49,
846,597,4.82
852,16,4.69
853,327,4.83
855,150,4.77
857,265,4.92
860,288,4.78
861,348,4.91
862,198,4.87
863,267,4.9
864,53,4.94
865,340,4.89
867,22,
868,283,
869,64,4.88
870,252,4.81
875,388,4.93
877,330,4.59
880,53,4.83
884,334,4.93
886,435,5
887,34,4.71
888,608,4.87
889,296,4.62
890,382,4.86
892,26,4.81
894,202,4.8
897,179,4.96
898,119,4.83
900,265,4.74
906,29,4.93
907,189,4.89
908,10,5
909,153,4.35
911,647,4.95
914,197,4.94
917,311,4.92
918,221,4.72
923,29,4.62
928,149,4.68
930,74,4.45
931,76,4.38
932,101,4.74
934,326,4.86
935,408,4.99
936,399,4.79
939,47,4.68
942,137,4.93
943,44,4.75
947,323,4.99
948,26,4.04
949,180,4.91
951,109,4.86
954,380,4.84
956,174,4.72
961,78,4.92
964,68,4.79
965,259,4.58
969,291,4.81
970,21,4.48
971,468,4.93
978,349,4.92
979,278,4.77
980,113,4.85
981,36,4.97
982,41,5
983,352,4.84
984,535,4.96
985,331,4.59
989,254,4.91
990,56,4.86
991,55,4.89
993,82,4.89
995,447,4.92
996,135,4.63
997,173,4.88
999,154,4.85
1000,33,4.82
1001,304,4.94
1003,18,4.67
1006,339,4.95
1007,243,
1008,77,4.16
1009,533,4.9
1010,175,4.63
1011,113,4.94
1014,376,4.82
1015,337,4.57
1017,55,4.71
1018,13,4.85
1025,12,4
1026,137,4.95
1027,26,4.81
1028,254,
1030,331,4.81
1032,216,4.75
1033,362,4.78
1034,623,4.9
1037,22,4.77
1040,210,4.92
1044,300,4.64
1045,107,4.69
1046,111,4.94
1047,238,4.84
1048,405,4.93
1049,2,5
1051,71,4.85
1054,333,4.89
1058,36,4.92
1059,382,4.89
1060,379,4.86
1064,58,4.57
1065,230,4.83
1070,450,4.89
1073,164,
1076,249,4.82
1078,43,4.79
1082,48,4.9
1083,464,4.89
1084,190,4.89
1085,145,4.82
1087,185,4.92
1090,206,4.78
1092,60,4.93
1097,284,4.7
1099,73,4.97
1100,123,4.93
1101,3,5
1102,488,4.75
1103,107,4.94
1110,23,4.7
1111,7,4.71
1114,164,4.9
1117,15,4.67
1118,378,4.85
1123,457,4.73
1127,254,4.96
1131,463,4.71
1139,235,4.82
1141,42,4.83
1142,138,4.79
1143,301,4.89
1145,39,4.97
1149,12,4.5
1150,358,4.9
1155,91,4.48
1157,373,4.91
1158,141,4.87
1159,51,4.65
1161,67,4.52
1162,185,4.6
1163,325,4.96
1166,282,4.82
1167,348,4.88
1168,84,4.81
1169,33,4.76
1170,125,4.33
1172,232,4.93
1175,202,
1179,209,4.9
1180,93,4.98
1182,291,4.93
1185,235,4.76
1187,2,5
1188,16,4.94
1189,408,4.87
1190,28,4.75
1193,300,4.69
1194,265,4.89
1195,8,5
1197,193,4.65
1198,48,4.9
1200,136,4.84
1207,535,4.96
1208,268,4.76
1209,103,4.89
1211,113,4.65
1212,118,4.34
1213,16,4.13
1215,222,4.78
1218,156,4.96
1221,272,4.44
1222,115,4.98
1224,239,4.84
1225,6,5
1227,268,4.8
1229,262,4.76
1231,2,5
1232,133,4.7
1233,238,4.97
1234,91,
1235,265,4.91
1236,119,4.92
1240,146,4.91
1243,274,4.81
1244,189,4.83
1245,106,4.92
1247,246,4.96
1248,259,4.88
1249,135,4.94
1254,507,4.86
1255,26,4.96
1256,101,4.67
1257,312,4.9
1259,68,5
1260,129,4.74
1265,234,4.84
1266,531,4.9
1267,65,4.94
1268,52,4.88
1269,353,4.94
1270,372,4.91
1272,469,4.62
1274,599,4.85
1280,245,4.8
1281,357,4.93
1282,202,
1285,75,
1291,216,4.81
1293,81,4.78
1296,112,4.79
1299,187,4.85
1301,128,4.95
1302,139,4.78
1310,272,4.89
1311,30,4.83
1312,6,5
1314,348,4.97
1315,375,4.77
1316,11,4.82
1318,21,5
1320,287,4.93
1321,341,4.97
1322,115,4.96
1325,10,4.7
1328,329,4.84
1332,130,4.98
1339,18,4.83
1340,20,4.6
1342,122,4.57
1343,186,4.76
1346,75,4.91
1349,103,4.87
1361,83,5
1364,159,4.79
1365,268,4.81
1368,155,4.92
1369,119,4.83
1371,382,4.97
1372,166,4.97
1374,412,4.73
1375,220,4.93
1376,246,4.91
1380,83,4.77
1383,176,4.81
1386,78,4.92
1387,589,4.78
1388,578,4.79
1389,622,4.75
1390,188,4.97
1394,51,4.78
1396,258,4.83
1397,37,4.62
1398,459,4.8
1417,467,4.97
1420,24,4.92
1421,184,
1422,287,4.95
1428,136,4.47
1430,13,4.92
1436,101,4.88
1440,89,4.82
1441,51,5
1442,14,4.71
1443,73,4.86
1444,25,4.88
1450,25,4.84
1453,246,4.87
1457,138,4.56
1460,271,4.88
1462,80,4.98
1464,24,4.71
1467,66,4.47
1468,6,
1469,164,4.92
1470,125,4.77
1471,326,4.94
1475,11,4.73
1482,182,4.92
1483,120,4.95
1484,184,4.67
1485,201,4.72
1486,187,4.83
1487,174,4.68
1489,327,4.63
1490,247,4.74
1492,273,4.93
1496,27,4.56
1498,254,4.92
1499,155,4.75
1503,280,4.9
1508,203,4.88
1512,401,4.95
1515,107,
1516,152,4.98
1517,331,4.92
1518,411,4.92
1519,37,4.89
1521,163,4.93
1523,14,4.5
1525,346,4.97
1528,81,4.79
1530,101,4.75
1531,246,4.97
1534,62,4.87
1537,5,4.8
1546,6,4.83
1550,39,4.87
1551,273,4.96
1554,74,4.78
1555,72,4.57
1556,124,4.83
1560,23,4.78
1562,219,4.57
1563,277,4.73
1564,85,4.96
1568,178,4.98
1569,189,4.98
1574,575,4.98
1578,338,4.99
1579,149,4.83
1582,9,5
1584,346,4.88
1593,90,4.93
1595,104,4.61
1597,11,4.73
1602,254,4.89
1604,138,4.9
1606,466,4.92
1608,350,4.94
1612,7,4.57
1615,142,4.38
1617,141,4.69
1618,499,4.91
1619,85,4.62
1623,91,4.93
1625,316,4.97
1626,114,4.86
1630,172,4.96
1631,198,4.99
1634,70,4.94
1635,197,4.8
1636,51,4.69
1638,264,4.9
1640,203,4.83
1641,263,4.95
1644,19,4.58
1645,109,4.97
1647,452,4.94
1648,203,4.98
1652,45,4.93
1653,284,4.96
1657,181,4.8
1660,327,4.89
1664,101,4.73
1666,36,4.97
1667,605,4.44
1668,77,4.42
1669,17,4.76
1670,8,3.88
1671,203,4.43
1672,26,4.42
1673,6,4.67
1677,325,4.82
1678,135,4.44
1680,46,4.52
1683,142,4.94
1687,88,4.8
1688,72,4.82
1689,179,4.62
1691,76,4.16
1692,194,4.93
1694,405,4.97
1695,128,4.86
1696,18,4.94
1697,388,4.94
1698,116,4.79
1703,87,4.61
1705,72,4.86
1708,1,5
1709,27,4.81
1711,58,4.9
1715,28,4.64
1722,106,4.86
1724,104,5
1726,4,
1728,175,4.93
1729,227,4.98
1731,231,4.91
1732,140,4.96
1735,97,4.82
1736,7,4.57
1738,23,4.48
1740,257,4.71
1752,96,4.65
1753,139,4.98
1754,139,4.92
1758,53,4.85
1764,15,4.8
1767,91,4.85
1768,190,4.32
1772,243,4.82
1774,58,4.83
1778,151,4.99
1785,69,4.97
1791,149,4.56
1792,90,4.66
1793,151,4.72
1796,166,4.88
1799,291,4.78
1807,26,4.77
1810,265,4.68
1811,256,4.64
1812,111,4.61
1813,59,4.59
1814,139,4.94
1815,12,5
1816,12,4.92
1821,201,4.89
1826,269,4.9
1827,237,4.9
1828,156,4.87
1829,9,4.89
1832,26,4.73
1833,13,5
1834,4,5
1845,81,4.72
1846,54,4.72
1847,8,3.5
1852,65,4.94
1856,325,4.87
1859,193,4.81
1861,61,4.9
1865,84,4.85
1868,29,4.62
1869,112,4.79
1871,9,4.56
1872,15,5
1873,132,4.95
1874,157,4.88
1879,160,4.96
1880,206,4.52
1881,18,4.94
1883,2,4.5
1884,3,5
1886,143,4.86
1888,36,4.72
1889,18,4.61
1890,13,4.62
1892,149,4.76
1893,45,4.84
1894,19,4.63
1896,29,4.83
1897,272,4.74
1898,306,4.96
1903,4,4.75
1914,347,
1919,259,4.79
1922,254,4.94
1923,17,4.47
1924,87,4.48
1926,33,4.73
1928,157,4.76
1929,243,4.88
1931,258,4.91
1932,180,4.91
1933,225,4.9
1939,62,4.74
1941,30,4.57
1946,116,4.77
1948,379,4.98
1949,245,4.93
1952,7,4.29
1953,6,4.67
1954,57,4.79
1956,138,4.9
1957,453,4.96
1959,5,4.8
1961,6,4.83
1965,192,4.95
1966,118,4.69
1968,15,4.73
1969,228,4.95
1971,8,4.5
1972,160,4.75
1973,145,4.88
1975,66,4.97
1978,50,4.74
1979,63,4.81
1980,3,5
1981,208,4.73
1983,22,4.77
1987,118,4.9
1988,86,4.91
1989,11,5
1990,6,4.83
1994,9,4.67
2003,53,4.7
2004,23,4.65
2008,5,4
2010,5,4.8
2011,28,4.57
2013,3,4.67
2014,5,3.2
2016,3,5
2017,5,5
2022,323,4.9
2023,247,4.92
2027,6,4.67
2036,208,4.85
2041,231,4.79
2043,16,4.38
2049,194,4.71
2054,121,4.88
2055,231,4.78
2056,415,4.78
2059,107,4.78
2062,217,4.79
2064,256,4.96
2065,286,4.31
2068,204,4.61
2071,260,4.87
2072,60,4.53
2075,203,4.91
2079,25,4.44
2080,50,4.62
2087,29,4.86
2089,185,4.66
2090,127,4.64
2093,1332,4.55
2095,111,4.78
2096,130,4.88
2103,28,4.96
2104,1,5
2106,7,4.86
2107,56,4.64
2111,8,4.88
2114,166,4.58
2115,160,4.56
2116,173,4.71
2117,194,4.76
2118,230,4.63
2119,214,4.77
2120,148,4.92
2121,227,4.86
2130,87,4.57
2131,113,4.85
2138,202,4.9
2141,232,4.74
2148,76,4.97
2150,8,4.88
2151,116,4.97
2153,308,4.88
2154,296,4.89
2157,67,4.75
2159,1,5
2160,153,4.97
2162,116,4.72
2166,245,4.93
2168,103,4.94
2169,2,5
2172,200,4.69
2173,162,4.85
2174,263,4.47
2176,103,4.72
2177,98,4.67
2182,12,4.58
2183,231,4.76
2184,483,4.81
2185,477,4.76
2187,7,5
2190,10,5
2191,201,4.95
2192,219,4.9
2193,24,4.63
2194,19,
2200,2,4.5
2202,188,4.76
2205,31,4.39
2206,170,4.56
2208,282,4.93
2209,199,4.91
2214,227,4.83
2226,19,4.79
2227,294,4.89
2228,93,4.94
2230,86,4.71
2234,106,4.73
2235,223,4.99
2237,185,4.91
2238,57,4.54
2239,89,4.55
2240,86,4.59
2241,121,4.67
2243,314,4.75
2246,63,4.95
2248,10,4.9
2249,224,4.81
2253,157,4.84
2257,75,4.64
2259,50,4.94
2260,49,4.94
2261,344,4.97
2263,183,4.88
2264,150,4.96
2268,232,4.93
2270,80,4.98
2277,117,4.85
2279,116,4.95
2283,3,5
2286,75,4.89
2288,129,4.96
2297,109,4.93
2300,198,4.86
2303,232,4.9
2304,195,5
2319,9,3.78
2324,239,4.87
2326,90,4.99
2327,4,4.5
2328,216,4.89
2331,14,4.29
2333,222,4.88
2334,107,4.81
2337,7,4.86
2339,212,4.8
2340,112,4.95
2343,228,4.81
2345,24,5
2348,354,4.88
2349,129,4.99
2355,108,4.82
2356,105,4.7
2357,113,4.8
2358,332,4.92
2359,252,5
2361,143,4.99
2362,81,4.59
2363,82,4.55
2366,155,5
2369,211,4.86
2371,149,4.91
2372,122,4.89
2374,50,4.2
2377,58,5
2378,192,4.81
2379,104,4.88
2380,125,4.92
2382,225,4.98
2383,29,4.62
2385,125,4.76
2386,92,4.79
2387,33,4.73
2390,118,4.65
2391,183,4.52
2397,69,4.81
2400,108,4.89
2401,99,4.66
2405,1,5
2406,98,4.91
2407,23,4.91
2412,5,5
2413,46,4.96
2414,290,4.9
2415,9,4.56
2416,221,4.81
2418,293,4.81
2421,3,4.67
2422,91,4.97
2423,8,5
2424,203,4.79
2427,97,4.89
2429,2,
2430,16,4.5
2435,95,4.73
2436,6,4.83
2437,58,4.69
2439,207,4.84
2441,221,4.81
2442,181,4.73
2443,222,4.95
2444,64,4.7
2448,231,4.89
2454,74,4.97
2457,198,4.86
2462,124,4.95
2464,70,4.84
2468,52,4.75
2472,100,4.81
2475,194,4.91
2478,3,4.33
2480,168,4.68
2482,182,4.61
2484,217,4.71
2485,179,4.59
2486,101,4.8
2487,12,4.83
2489,114,4.72
2490,32,4.81
2494,88,
2495,78,4.68
2498,4,4
2501,9,4.56
2504,89,4.98
2505,196,4.81
2507,72,4.78
2512,165,4.81
2515,140,4.61
2517,179,5
2520,4,5
2521,143,4.98
2523,107,4.91
2525,110,4.92
2526,19,4.53
2527,46,4.28
2528,193,4.5
2529,249,4.6
2530,311,4.52
2531,53,4.6
2532,53,4.42
2533,339,4.52
2534,196,4.79
2537,244,4.89
2538,244,4.95
2539,228,4.86
2541,110,4.81
2543,33,4.85
2544,115,4.81
2546,5,4.6
2547,126,4.94
2548,7,4.29
2549,6,4.5
2550,15,4.33
2552,2,2.5
2561,64,4.63
2568,72,4.97
2569,175,4.81
2570,59,4.92
2571,317,4.99
2576,187,4.73
2578,61,4.84
2579,83,4.87
2581,271,4.98
2582,287,4.98
2588,37,4.86
2592,102,4.91
2596,93,4.92
2598,159,4.96
2600,117,4.86
2601,55,4.96
2603,20,4.65
2605,77,4.69
2608,60,4.93
2609,29,5
2612,89,4.62
2614,184,4.73
2617,157,4.74
2619,9,4.67
2620,191,4.92
2621,129,4.73
2622,34,4.65
2625,68,4.9
2626,53,4.94
2627,164,4.89
2630,85,4.95
2632,7,4.71
2636,52,4.73
2637,197,4.92
2642,2,3.5
2644,103,5
2645,100,4.98
2649,22,4.36
2650,5,4.6
2651,107,4.82
2652,3,5
2654,3,5
2660,124,4.9
2663,77,4.84
2664,5,5
2665,63,4.73
2666,191,4.53
2669,90,4.71
2670,33,4.64
2673,60,4.78
2674,1,
2679,67,4.97
2686,329,4.97
2688,225,4.91
2692,18,4.72
2693,10,4.5
2696,114,4.89
2699,63,4.86
2703,83,4.9
2704,134,4.72
2706,97,4.86
2711,109,4.88
2717,4,5
2718,328,4.94
2721,90,4.69
2723,55,4.8
2724,177,4.89
2725,128,4.89
2726,8,5
2732,164,4.76
2736,130,4.85
2737,194,4.81
2738,81,4.56
2739,20,4.65
2740,149,4.92
2745,83,4.93
2746,198,4.87
2747,137,4.89
2750,149,4.93
2753,1,5
2754,110,4.93
2756,145,4.99
2757,156,4.96
2759,236,4.98
2760,176,5
2762,162,4.85
2765,18,
2766,192,4.78
2774,129,4.81
2775,96,4.88
2779,228,4.93
2790,9,4.56
2794,7,4.86
2799,75,4.88
2800,147,4.94
2801,12,4.33
2803,7,5
2804,6,4.33
2806,44,4.95
2807,279,4.77
2808,55,4.87
2810,81,4.98
2812,84,4.82
2816,104,4.88
2823,123,4.89
2824,140,4.99
2825,73,4.75
2826,25,4.88
2828,7,4.57
2829,211,4.93
2830,71,4.93
2831,102,4.87
2833,112,4.89
2834,111,4.77
2836,125,4.88
2837,96,4.94
2838,79,4.86
2841,2,5
2844,75,4.96
2845,71,4.83
2846,98,5
2850,147,4.96
2851,62,5
2852,246,4.96
2853,100,4.85
2855,111,4.98
2858,77,4.86
2863,135,4.93
2864,152,4.92
2865,358,4.8
2873,59,4.9
2875,184,4.87
2876,147,4.71
2877,152,4.61
2878,164,4.76
2879,148,4.71
2880,7,4.14
2887,53,5
2889,63,4.81
2897,22,4.91
2899,188,4.84
2904,110,4.83
2906,101,4.82
2908,174,4.94
2909,7,5
2911,203,4.98
2914,138,4.79
2917,121,4.83
2919,144,4.9
2923,151,4.93
2925,98,4.76
2927,8,4.5
2928,118,4.88
2929,96,4.93
2931,29,4.93
2934,9,4.67
2935,12,4.58
2936,10,4.8
2938,100,4.78
2939,45,4.78
2945,41,4.85
2950,220,4.49
2951,136,4.79
2952,225,4.93
2956,15,4.93
2960,114,4.94
2964,109,4.47
2965,80,4.91
2966,100,4.7
2971,292,4.79
2975,144,4.72
2978,2,5
2979,7,4.86
2981,38,4.79
2982,115,4.77
2984,369,4.81
2988,82,4.93
2989,87,4.89
2992,168,4.98
2994,43,4.84
2996,86,4.67
3001,104,5
3004,102,4.74
3006,93,4.95
3009,13,4.62
3010,141,4.96
3011,180,4.84
3012,110,4.85
3018,1,5
3019,111,4.77
3020,134,4.88
3021,30,4.93
3024,4,5
3027,1,2
3034,6,4.5
3037,98,4.99
3041,52,4.96
3045,135,4.98
3046,184,4.97
3048,52,4.69
3053,93,4.91
3057,125,4.77
3058,142,4.96
3060,46,4.74
3061,82,4.98
3062,98,4.58
3063,47,4.68
3064,74,4.85
3066,1,5
3067,11,4.36
3069,113,4.91
3070,2,
3071,78,4.87
3076,6,4.83
3077,53,4.6
3081,28,4.96
3087,72,4.85
3089,166,4.93
3093,74,4.81
3096,80,4.84
3097,92,4.71
3098,36,4.86
3102,67,4.93
3105,85,4.73
3106,9,5
3110,1,1
3112,67,4.94
3113,93,4.58
3114,100,4.93
3115,107,4.96
3117,129,4.91
3120,3,
3121,89,4.79
3122,100,4.98
3123,116,4.62
3124,118,4.58
3128,63,4.73
3132,1,4
3136,99,4.74
3138,26,4.19
3139,134,4.51
3143,181,4.92
3144,132,4.88
3151,102,4.89
3152,71,4.94
3153,30,4.9
3154,80,4.7
3155,125,4.98
3158,33,4.52
3160,4,4.75
3164,56,4.8
3165,91,4.95
3169,62,4.94
3173,50,4.33
3174,1,4
3176,72,4.71
3179,159,4.92
3180,119,5
3184,19,4.58
3185,29,4.62
3186,127,4.69
3194,96,4.7
3196,37,4.73
3197,93,4.83
3199,97,4.95
3200,23,4.96
3203,29,4.66
3204,13,5
3206,45,4.64
3209,67,4.91
3212,35,5
3216,112,4.88
3218,87,4.69
3219,43,4.79
3220,54,4.89
3221,78,4.88
3232,1,5
3235,30,5
3238,8,5
3244,37,4.86
3245,78,4.9
3246,1,5
3247,176,4.96
3248,4,5
3252,3,4.67
3254,14,4.36
3259,113,4.94
3260,37,4.68
3262,26,4.88
3269,100,4.86
3270,80,4.94
3271,160,4.94
3272,110,
3273,30,4.4
3278,199,4.89
3283,66,4.95
3287,52,4.94
3288,1,5
3292,90,4.69
3297,17,5
3298,81,4.78
3301,92,4.86
3302,73,4.88
3305,41,4.68
3307,2,5
3309,46,4.78
3312,11,4.64
3323,49,4.58
3326,145,4.79
3327,41,4.83
3332,78,4.99
3334,98,4.81
3339,157,4.92
3340,82,4.94
3341,65,4.94
3343,46,4.91
3346,66,4.82
3348,92,4.88
3349,103,4.94
3350,3,4
3351,48,4.75
3362,90,4.79
3364,6,5
3371,56,4.8
3372,61,4.93
3375,45,4.62
3376,145,4.97
3378,11,4.73
3379,157,4.85
3381,2,5
3382,213,4.95
3385,103,4.97
3386,60,4.77
3387,23,4.91
3388,28,4.89
3393,65,4.8
3401,2,5
3402,1,5
3404,3,5
3406,2,5
3412,97,4.92
3413,69,4.8
3414,53,4.68
3422,4,4
3423,71,4.99
3425,6,5
3427,2,5
3428,10,4.8
3429,122,4.88
3431,81,4.73
3440,48,4.56
3449,7,5
3450,155,4.94
3451,70,4.7
3452,91,4.98
3454,122,4.57
3455,12,4.58
3456,11,4.73
3459,98,
3462,155,4.42
3463,40,5
3465,22,4.95
3467,17,4.88
3471,43,4.72
3472,1,5
3474,53,4.81
3478,46,4.48
3479,39,4.67
3482,6,4.83
3485,80,4.84
3488,144,5
3491,46,4.85
3492,123,4.76
3494,170,4.96
3495,107,4.81
3496,484,4.62
3498,176,4.7
3499,65,4.45
3500,54,4.43
3501,16,4.56
3504,137,4.91
3507,57,4.88
3508,67,4.87
3509,5,5
3522,4,4.75
3525,127,4.87
3526,39,4.97
3532,29,4.93
3537,25,4.72
3538,24,4.92
3544,5,4.4
3545,35,4.8
3546,41,4.83
3549,27,4.96
3550,9,4.78
3551,40,4.98
3552,55,4.85
3557,29,4.9
3558,183,4.9
3561,13,5
3562,11,4.82
3563,66,4.8
3566,4,5
3567,65,4.98
3569,12,4.83
3573,88,4.92
3574,262,4.98
3575,40,4.68
3577,59,4.81
3578,59,4.97
3579,5,5
3580,10,5
3581,5,5
3585,10,5
3586,15,4.73
3591,94,4.82
3593,200,4.85
3594,82,4.71
3596,123,4.93
3597,103,4.89
3598,22,4.55
3599,5,3.8
3602,33,4.7
3604,56,4.71
3605,46,4.72
3608,38,4.66
3611,48,4.77
3612,18,3.83
3613,130,4.99
3614,101,4.96
3615,5,4
3620,79,4.87
3621,69,4.75
3623,26,4.69
3625,130,4.82
3626,125,4.87
3627,39,4.85
3628,30,4.83
3631,63,4.89
3632,143,4.98
3634,61,4.92
3637,26,4.77
3638,50,4.92
3642,111,4.95
3645,82,4.77
3654,130,4.92
3655,49,4.69
3657,56,4.82
3658,53,4.91
3659,1,4
3661,37,4.62
3663,4,5
3665,107,4.98
3666,15,4.93
3667,49,4.96
3668,15,4.67
3670,11,4.82
3671,46,4.98
3673,1,5
3676,57,4.68
3677,59,4.71
3679,90,4.88
3680,79,4.87
3682,89,4.96
3684,41,4.37
3685,3,5
3692,156,4.81
3696,108,4.75
3703,7,5
3704,4,5
3706,153,4.8
3708,81,4.94
3709,27,4.63
3714,97,4.82
3715,9,
3716,13,5
3717,34,4.68
3718,44,4.7
3719,3,5
3721,35,5
3722,90,4.69
3724,13,4.31
3725,6,5
3728,21,4.76
3729,19,4.74
3730,4,5
3734,37,4.62
3736,28,4.93
3737,49,4.78
3738,31,5
3743,19,4.89
3747,49,4.94
3749,56,4.82
3753,107,4.99
3758,1,5
3768,71,4.97
3770,3,3.67
3776,6,5
3782,55,4.96
3784,38,4.92
3788,7,5
3789,51,4.65
3793,72,4.88
3798,89,4.93
3806,27,4.74
3808,69,4.87
3809,43,4.44
3810,143,4.97
3811,50,4.9
3813,56,4.79
3815,21,4.62
3818,56,4.84
3819,4,4.75
3820,40,4.65
3821,100,4.61
3825,2,4.5
3826,11,5
3827,24,4.83
3828,54,4.76
3830,73,4.96
3833,51,4.73
3834,93,4.92
3835,6,5
3837,2,4.5
3847,66,4.85
3851,61,5
3854,2,4.5
3858,151,4.98
3862,5,4.6
3872,2,
3874,2,4
3876,1,5
3880,16,5
3882,23,4.52
3883,61,4.93
3885,196,4.99
3887,4,4.75
3888,82,4.84
3889,62,4.89
3897,92,4.98
3900,2,5
3901,73,4.96
3902,55,4.95
3904,80,4.88
3905,90,4.83
3913,42,5
3915,5,4.6
3916,65,5
3919,1,5
3924,59,4.71
3926,30,4.97
3928,62,4.66
3930,104,4.95
3933,24,4.96
3940,42,4.6
3941,85,4.84
3948,128,4.84
3949,32,4.78
3953,70,4.86
3957,23,4.48
3959,32,4.97
3962,1,5
3963,26,4.77
3965,15,4.07
3966,1,4
3970,116,4.97
3971,19,4.63
3974,21,5
3975,1,5
3977,104,4.92
3978,117,4.94
3979,56,4.75
3988,60,4.88
3998,64,4.84
4006,1,5
4010,1,3
4015,97,4.88
4016,80,4.69
4018,2,5
4019,24,4.92
4024,53,4.94
4026,88,4.83
4027,49,4.96
4028,111,4.77
4046,2,5
4051,4,4.5
4053,25,4.6
4054,36,4.86
4058,24,4.75
4063,55,4.89
4069,2,4.5
4076,50,4.7
4080,111,4.95
4081,15,4.47
4082,64,4.77
4085,33,4.94
4086,53,4.98
4091,102,4.75
4094,80,
4096,17,4.88
4097,3,3.33
4098,2,4
4099,10,4.4
4100,2,4
4101,21,4.38
4102,1,4
4103,6,4.67
4104,20,4.95
4107,5,5
4108,17,4.94
4110,2,4.5
4117,2,3.5
4118,7,4.29
4119,3,3.33
4120,4,5
4123,2,3.5
4124,82,4.88
4129,54,4.76
4131,1,5
4137,1,2
4139,3,2.33
4140,29,4.79
4141,28,4.96
4142,14,4.5
4143,65,4.92
4144,60,4.75
4149,16,4.94
4150,30,4.93
4151,18,4.61
4155,59,4.8
4162,14,5
4166,26,4.5
4171,28,5
4173,48,4.88
4180,32,4.91
4188,81,4.79
4190,13,4.46
4192,61,4.79
4193,28,4.54
4207,29,4.69
4208,1,5
4210,1,
4215,2,5
4218,3,5
4219,92,4.82
4232,35,4.86
4233,6,5
4234,67,4.99
4235,54,4.5
4236,28,4.82
4237,72,4.85
4238,57,4.89
4240,7,5
4241,49,4.98
4245,32,5
4246,2,5
4249,3,5
4250,1,5
4251,132,4.98
4252,7,5
4253,9,4.78
4254,22,4.86
4255,18,4.61
4258,31,4.97
4259,1,5
4261,1,4
4264,50,5
4265,2,5
4266,4,4.5
4267,3,4.67
4268,29,4.41
4269,137,4.43
4271,82,4.5
4272,14,4.36
4273,3,4.67
4275,3,4
4276,10,4.4
4278,23,4.39
4279,6,4.17
4280,17,4.24
4281,48,4.65
4282,2,4
4283,4,4.5
4284,10,4.7
4286,31,4.23
4287,12,4.5
4288,20,4.1
4289,24,4.13
4290,16,4.75
4291,15,4.47
4293,2,5
4294,134,4.36
4295,4,4.5
4296,33,4.36
4297,146,4.47
4298,74,4.46
4299,19,4.63
4301,68,4.72
4302,32,4.91
4303,27,4.93
4304,74,4.89
4308,2,4.5
4309,1,5
4311,16,4.44
4312,16,4.69
4315,2,4.5
4317,3,4.67
4320,1,4
4323,1,
4324,19,4.68
4326,4,
4327,71,4.94
4328,35,4.57
4332,21,5
4334,2,5
4335,2,4.5
4337,1,
4338,3,4.67
4340,9,5
4351,2,4.5
4353,1,5
4354,1,4
4355,5,4.6
4358,7,4.29
4360,34,4.82
4361,2,5
4365,27,4.78
4372,76,5
4373,26,4.81
4374,94,4.88
4375,77,4.99
4376,3,5
4377,11,4.64
4379,29,4.76
4389,21,4.76
4390,85,4.86
4392,27,4.22
4393,39,4.51
4394,39,5
4395,3,4.67
4396,89,4.92
4397,42,4.86
4402,2,3
4403,3,
4404,230,4.54
4407,2,5
4408,2,5
4409,1,5
4410,47,4.72
4413,72,4.5
4416,28,4.96
4418,37,4.97
4421,54,4.91
4422,153,4.8
4423,72,4.75
4424,56,4.86
4425,8,5
4429,36,5
4431,71,4.97
4432,7,4.86
4433,46,4.89
4434,8,5
4435,102,4.83
4436,174,4.93
4437,17,5
4438,10,4.8
4439,110,4.86
4442,17,4.76
4447,85,4.71
4448,17,4.53
4449,79,4.89
4451,50,5
4452,36,4.64
4453,123,4.82
4457,14,4.93
4458,34,5
4460,90,4.97
4462,3,3.33
4463,59,4.83
4466,1,5
4468,21,4.95
4469,50,4.96
4470,49,4.71
4471,54,4.83
4475,95,4.61
4480,86,4.94
4483,3,5
4484,11,5
4485,2,3
4486,20,4.89
4489,61,4.84
4491,3,5
4493,49,4.51
4500,29,4.93
4502,21,5
4503,74,4.95
4517,44,4.89
4519,1,5
4539,4,5
4541,18,4.94
4544,46,4.78
4547,39,4.82
4549,18,4.83
4550,3,4.33
4551,10,4.1
4558,42,4.74
4577,52,4.62
4586,65,4.85
4597,44,4.98
4600,43,4.91
4601,56,4.98
4602,58,4.9
4603,63,4.92
4607,67,4.91
4618,9,5
4620,2,1
4621,52,4.9
4626,78,4.76
4627,38,4.89
4630,19,4.89
4631,25,4.76
4635,31,5
4637,22,4.91
4647,1,5
4649,39,4.69
4650,15,4.6
4657,32,4.94
4658,25,4.96
4661,3,5
4662,4,4.25
4669,1,5
4673,17,
4675,19,4.84
4681,51,4.8
4683,20,4.9
4689,2,5
4692,22,5
4694,61,4.87
4700,3,5
4704,35,4.66
4705,18,4.39
4707,48,4.79
4708,91,4.81
4713,30,4.83
4714,29,4.97
4715,44,4.91
4717,57,4.93
4718,5,5
4719,18,4.94
4720,23,4.91
4729,1,5
4730,1,
4731,3,5
4742,8,4.88
4743,27,4.78
4747,42,4.86
4748,3,5
4751,6,4.17
4753,33,4.94
4754,13,4.85
4756,22,4.45
4757,1,5
4761,49,4.88
4771,24,4.88
4772,5,5
4773,106,4.9
4774,14,4.71
4775,25,4.8
4780,86,4.93
4781,1,5
4783,2,5
4795,1,4
4798,52,4.85
4809,32,4.91
4817,2,4.5
4821,21,4.71
4823,39,5
4824,33,4.67
4825,38,4.84
4826,17,4.41
4828,28,5
4835,33,4.94
4836,5,5
4847,42,4.79
4849,5,4.6
4850,13,4.92
4853,2,5
4854,2,5
4855,13,5
4857,63,4.65
4865,1,5
4867,7,4.29
4879,1,5
4880,1,5
4884,59,4.98
4885,2,5
4894,4,5
4898,19,4.95
4899,17,4.88
4906,60,4.88
4907,64,4.97
4910,22,4.91
4911,18,4.78
4912,6,5
4913,14,4.79
4915,8,4.88
4918,29,4.66
4924,2,3.5
4925,25,4.8
4926,30,5
4931,5,5
4935,33,4.97
4939,2,4.5
4940,1,4
4941,11,4.91
4942,22,4.68
4943,24,4.96
4944,10,4.8
4948,15,4.93
4949,4,2.75
4953,4,2
4955,45,4.89
4956,10,
4957,72,4.96
4958,32,5
4959,11,4.91
4960,30,4.7
4962,35,4.94
4966,21,4.86
4976,54,4.93
4978,23,4.96
4980,5,4.2
4981,5,4.6
4982,24,4.71
4983,26,4.58
4984,15,4.73
4985,7,4.43
4988,20,5
4993,11,4.91
5000,33,4.73
5001,29,4.48
5013,58,4.71
5014,71,4.85
5015,54,4.7
5016,80,4.85
5017,66,4.71
5018,58,4.79
5021,4,3.25
5023,32,4.59
5026,61,4.98
5027,63,4.98
5028,44,4.61
5029,61,4.84
5030,61,4.8
5031,51,4.82
5032,66,4.88
5033,73,4.75
5034,61,4.77
5035,51,4.8
5037,45,4.84
5038,1,4
5040,14,4.07
5042,11,4.91
5043,29,4.97
5045,4,4.25
5047,5,3.8
5053,7,4.86
5056,18,4.78
5058,10,4.8
5060,1,5
5063,14,4.79
5064,5,2.6
5070,12,5
5080,18,4.72
5082,17,4.59
5083,27,4.52
5084,19,4.89
5086,28,4.61
5090,12,4.75
5093,14,4.93
5096,5,4.4
5098,38,4.63
5100,41,4.93
5108,29,4.69
5109,3,2.67
5110,60,4.93
5113,15,4.93
5114,17,4.47
5117,47,5
5119,37,4.92
5120,10,5
5125,40,4.88
5126,31,4.94
5128,17,4.41
5129,21,4.86
5130,1,5
5135,39,4.92
5136,5,4.6
5145,7,5
5151,35,4.94
5159,41,4.59
5160,24,5
5164,4,5
5167,40,4.98
5173,15,4.27
5174,34,5
5176,36,4.92
5179,13,4.92
5181,18,4.33
5183,17,4.71
5187,14,4.79
5188,1,3
5193,5,4.8
5199,10,4.6
5200,171,4.81
5201,7,
5202,26,4.88
5204,5,4.6
5206,8,5
5208,28,4.96
5210,29,4.62
5211,10,4.5
5212,13,4.92
5214,11,4.73
5215,22,4.77
5216,8,4.38
5218,9,4.67
5220,3,5
5223,15,5
5232,26,4.92
5233,22,4.86
5234,31,4.71
5247,29,4.83
5249,20,4.8
5250,22,4.36
5254,23,4.91
5256,24,4.58
5257,3,5
5266,32,5
5269,32,5
5270,40,
5273,2,1.5
5276,12,5
5281,2,5
5290,41,4.88
5292,3,5
5294,7,4.86
5296,1,5
5298,32,4.91
5303,11,5
5313,27,4.78
5316,23,4.91
5317,17,4.94
5318,15,5
5319,11,4.91
5321,17,5
5325,19,4.89
5328,21,4.9
5332,10,4.2
5333,21,5
5335,18,4.61
5338,17,4.82
5340,6,5
5345,1,5
5350,8,5
5355,1,5
5362,28,5
5468,25,4.96
5471,6,
5473,18,4.89
5479,2,5
5480,31,4.94
5481,1,5
5485,2,5
5487,16,4.5
5488,1,5
5489,1,5
5491,2,5
5493,25,4.96
5495,1,5
5497,27,4.96
5498,41,4.93
5502,3,5
5504,1,5
5505,1,1
5507,22,5
5517,7,4.86
5522,35,5
5525,8,4.5
5533,16,4.94
5538,2,4.5
5539,7,5
5540,3,5
5542,6,4.17
5545,19,4.53
5549,26,4.54
5553,2,5
5554,9,4.78
5558,31,5
5561,17,4.94
5562,8,4.88
5568,4,4.75
5573,35,4.97
5579,31,4.87
5583,1,2
5585,44,4.86
5592,40,4.93
5601,37,4.84
5605,3,5
5611,3,4.33
5621,7,4.86
5622,17,
5623,4,4.75
5624,23,4.96
5625,9,4.56
5632,3,5
5633,17,4.94
5638,22,4.59
5641,5,3.8
5648,33,4.82
5650,35,4.94
5653,17,5
5670,9,
5672,1,5
5675,1,5
5685,25,5
5687,1,5
5688,24,4.88
5690,4,4.75
5695,19,4.63
5706,23,4.78
5707,20,4.8
5711,11,4.91
5717,4,5
5731,20,5
5732,24,4.79
5733,26,4.81
5734,25,4.96
5747,8,4.88
5753,22,4.91
5762,10,5
5763,11,4.73
5764,14,4.5
5771,37,5
5777,12,4.83
5779,23,4.74
5783,2,5
5796,24,4.92
5803,9,4.67
5812,7,5
5838,15,4.4
5845,22,4.91
5847,19,4.95
5852,8,4.38
5865,12,5
5870,17,4.76
5876,10,
5880,8,4.75
5884,10,4.5
5891,8,4.88
5892,6,5
5893,6,4.67
5897,13,4.77
5902,12,4.42
5909,21,4.9
5918,12,4.83
5924,17,
5938,5,3.6
5939,12,4.92
5946,6,5
5948,2,4
5949,6,5
5950,9,5
5951,7,4.71
5963,4,5
5965,5,4.4
5966,4,4.75
5974,18,4.78
5975,21,4.76
5977,6,5
5978,8,5
5991,1,5
5992,2,5
5996,13,5
6003,1,5
6027,21,4.9
6034,5,
6048,8,4.38
6052,9,5
6054,1,5
6062,7,5
6069,8,5
6070,7,4.86
6082,1,4
6085,7,5
6087,9,4.78
6095,6,5
6104,6,4.17
6108,1,5
6109,1,5
6110,5,5
6111,9,5
6114,1,5
6132,11,4.91
6141,4,5
6152,5,5
6154,5,4.8
6193,2,4.5
6210,8,5
6213,3,5
6225,2,5
6234,4,4.75
6236,2,5
6257,2,5
6258,2,5
6266,1,5
6268,2,5
6276,2,4.5
6289,3,5
6296,11,4.82
6309,2,5
6313,5,5
6318,2,5
6322,4,5
6328,2,5
6332,1,5
6337,3,5
6357,1,5
6371,2,5
6374,1,4
6385,4,5
6411,1,5
